Artikel-Nr.;Name;Verkaufte Menge;Verkaufspreis;Umsatz;Verkaufte Menge/Tag;Seitenaufrufe;Lieferbare Verkaufsmenge;Aktiv
51037;LUWAK, White Kaffee 3 Geschmack Mocca Rose, 20g;1;0,47 €;0,47 €;0.00;0;0;0
;TRS, scharfe rote Chilipulver, 100g;1;0,47 €;0,47 €;0.00;0;0;0
;SIDOMUNCUL, Tolak Angin, 15ml;1;0,64 €;0,64 €;0.00;0;0;0
;Indonesische Lorbeerbl;1;0,93 €;0,93 €;0.00;0;0;0
32090;ECUADOR TROPICAL GOURMET, Plantain Chips lighty salted 85g;1;0,93 €;0,93 €;0.00;0;0;0
51040;LUWAK, White Kaffee 3 Geschmack Caramel, 20g;2;0,47 €;0,94 €;0.00;0;0;0
;TRS, Currypulver Madras 100gr;1;1,11 €;1,11 €;0.00;0;0;0
;TRS, Garam Masala, 100g;1;1,11 €;1,11 €;0.00;0;0;0
29010;UDANG MAS, Garnelen Cracker (Scharf), 80 g;1;1,11 €;1,11 €;0.00;0;0;0
;TRS, Zimt Stangen, 50g;1;1,11 €;1,11 €;0.00;0;0;0
;KUDA MENJANGAN, Weizennudeln mit Ei, 200g;1;1,11 €;1,11 €;0.00;0;0;0
16036;TRS, Kreuzkümmelpulver 100g;1;1,11 €;1,11 €;0.00;0;0;0
56039;MOGU-MOGU, Mangogeschmack, 320 ml;1;1,12 €;1,12 €;0.00;0;4;0
56038;MOGU-MOGU, Melonegeschmack mit Nata de Coco, 320ml;1;1,13 €;1,13 €;0.00;0;6;1
;FOCO, Mangostane Nectar Saft, 350 ml;1;1,25 €;1,25 €;0.00;0;0;0
35016;KOEPOE-KOEPOE, VX, 45 g;1;1,39 €;1,39 €;0.00;0;19;1
32013;DUA KELINCI, KOROKU, Chili Flavour, 70 g;1;1,39 €;1,39 €;0.00;0;0;0
32148;DUA KELINCI, Kacang Telur Oven 65g;1;1,40 €;1,40 €;0.00;0;0;0
56041;CHAOKOH, Kokosnusswasser, 330 ml;1;1,40 €;1,40 €;0.00;0;0;0
;ASLI, Currypulver, 50 g;1;1,58 €;1,58 €;0.00;0;0;0
32160;ROMA, Malkist Cappucino, 115 g;1;1,58 €;1,58 €;0.00;0;0;0
;RUBICON, Light & Fruity, Mango, Lime, Mint, 1l;1;1,67 €;1,67 €;0.00;0;0;0
;GARUDA, Kacang Telur, 250g;1;1,67 €;1,67 €;0.00;0;0;0
;Indofood, Kecap Manis 138 ml;1;1,77 €;1,77 €;0.00;0;0;0
;Healthy Boybrand, Thick Oyster flavored sauce 300 ml;1;1,77 €;1,77 €;0.00;0;0;0
;DUA KELINCI, Sukro BBQ, 140 g;1;1,77 €;1,77 €;0.00;0;0;0
31021;Intra, Palmzucker Sugar, 270g;1;1,78 €;1,78 €;0.00;0;0;0
35075;KOEPOE-KOEPOE, Orange Lebensmittelfarbe, 30 ml;1;1,81 €;1,81 €;0.00;0;0;0
;TIGA RASA, Emping süß-scharf, 70g;1;1,82 €;1,82 €;0.00;0;0;0
32171;TICTAC, Pilus Mix, 100 g;2;0,93 €;1,85 €;0.01;0;40;1
;FINNA, Rinder Rendang, 50g;2;0,93 €;1,85 €;0.00;0;0;0
35050;RAPINDO, Sagu Mutiara, 100g;1;1,86 €;1,86 €;0.00;0;0;0
27004;S&B, Wasabi, 43 g;1;1,86 €;1,86 €;0.00;0;0;0
;Taokaenoi, Tempura Seetang mit Scharfe Geschmack 39gr;1;1,86 €;1,86 €;0.00;0;0;0
33001;COCON, Pudding Mango, 6x80 g;1;1,86 €;1,86 €;0.00;0;0;0
42003;CHIU CHOW, gefrorener Fischball L, 200 g;1;1,86 €;1,86 €;0.00;0;0;0
;KARA, Kokosmilchpulver 50g;2;0,93 €;1,87 €;0.00;0;0;0
35087;NUTRIJELL, Jellypulver mit Hönigmelone-Geschmack, 15 g;2;0,93 €;1,87 €;0.00;0;26;1
35091;NESIA, Kapoer Sirih, 100 g;2;0,93 €;1,87 €;0.01;0;22;1
14813;H&S, Bananenchips mit Honig, 200 g;1;1,87 €;1,87 €;0.00;0;0;0
27001;A+, getrocknete Seetang Yaki Nori, 25g;1;1,90 €;1,90 €;0.00;0;0;0
;FRISIAN FLAG, Süsse Kondenmilch, 397g;1;1,95 €;1,95 €;0.00;0;0;0
19038;Narcissus, Litchie in Sirup, 567 g;1;2,05 €;2,05 €;0.00;0;0;0
36024;TWIN ELEPHANTS, Toddy Palmkerne stark gezuckert (Scheiben), 565g;1;2,05 €;2,05 €;0.00;0;0;0
;RAPINDO Dorf Kroepoek, S;1;2,05 €;2,05 €;0.00;0;0;0
19034;GEISHA, Makrelene in Dose mit tomato-chilie, 155 g;2;1,09 €;2,19 €;0.00;0;0;0
;LIGO, Sardinen in Tomatensauce mit Chili, 155g;2;1,11 €;2,22 €;0.00;0;0;0
;COCOLAND, Palm Zucker bubuk 250g;1;2,23 €;2,23 €;0.00;0;0;0
56040;MOGU-MOGU, Litchigeschmack, 320 ml;2;1,12 €;2,24 €;0.00;0;44;0
56037;MOGU-MOGU, Blackcurrantgeschmack, 320ml;2;1,13 €;2,27 €;0.00;0;0;0
;RAPINDO, Dorf Chips Gado-Gado;1;2,34 €;2,34 €;0.00;0;0;0
;NESIA, Sambal Goreng Tempe Pedas, 100g;1;2,34 €;2,34 €;0.00;0;0;0
54023;INTRA, Ingwer-Kaffeemilch, 5x28 g;1;2,34 €;2,34 €;0.00;0;48;1
39031;BDMP, Tiergefrorene Limettenblätter, 100 g;1;2,34 €;2,34 €;0.00;0;8;0
15004;Golden Turtle, Erdnüsse geschält mit Haut, 1kg;1;2,42 €;2,42 €;0.00;0;5;1
;PUSAKA NUSANTARA, rotes Krupuk, 250g;1;2,51 €;2,51 €;0.00;0;0;0
21025;WIND MILL, Sambal Oelek, 750 g;1;2,51 €;2,51 €;0.00;0;0;1
33020;MONIKA, Kokoswuerfel Rot, 340 g;1;2,51 €;2,51 €;0.00;0;29;1
39016;SPRING HOME, Tyj Springrolls pastry, 40stk (215mm), 550 g;1;2,62 €;2,62 €;0.00;0;19;1
;CHAOKOH, Rambutan In Sirup, 565 g;1;2,69 €;2,69 €;0.00;0;0;0
17090;MAE PLOY, Thai Currypaste Gelb, 400 g;1;2,70 €;2,70 €;0.00;0;2;1
17116;MAE PLOY, Thai Currypaste Panang 400g;1;2,75 €;2,75 €;0.00;0;0;0
;FINNA, Gebratene Reis, 50g;3;0,93 €;2,78 €;0.00;0;0;0
14021;KOBE, Gewuerzemehl Hot Spicy 75 g;3;0,93 €;2,78 €;0.00;0;0;0
;RAPINDO, Boemboe Roedjak, 50g;3;0,93 €;2,78 €;0.00;0;0;0
;KAPAL API, Milchkaffeepulver, 5x31g;1;2,79 €;2,79 €;0.00;0;0;0
35026;PONDAN, Gedämpfter Kuchen geformt Rosen, 400g;1;2,79 €;2,79 €;0.00;0;0;0
;KAPAL API, Kaffeepulver Special Mix, 5x25g;1;2,79 €;2,79 €;0.00;0;0;0
39029;BDMP, Tiefgefrorenes Gemüse für Tom Yum Suppe, 100g;1;2,79 €;2,79 €;0.00;0;0;0
;KAPAL API, Kaffeepulver 3 in 1 Grande Java Latte, 5x20g;1;2,79 €;2,79 €;0.00;0;0;0
70046;Nesia, Cendol Sieb 26 cm;1;2,80 €;2,80 €;0.00;0;21;1
32170;KINO, Durian Bonbon, 125 g;2;1,40 €;2,80 €;0.01;0;9;1
14029;SAJIKU, Capcay Gewürze, 20g;3;0,93 €;2,80 €;0.01;0;0;0
32164;Monde, Butter Cookies, 150 g;1;2,80 €;2,80 €;0.00;0;0;0
34015;SINA, Ingwer Bonbons, 56 g;2;1,40 €;2,80 €;0.00;0;0;0
35090;NUTRIJELL, Jellypulver mit Mango-Geschmack, 15 g;3;0,93 €;2,80 €;0.01;0;17;1
35088;NUTRIJELL, Jellypulver mit Guava-Geschmack, 15 g;3;0,93 €;2,80 €;0.01;0;72;1
35086;KOEPOE-KOEPOE, Biji Selasih, 50 g;2;1,40 €;2,80 €;0.00;0;50;1
81012;Tiger Balm Rot, 20g;1;2,94 €;2,94 €;0.00;0;0;0
21023;WIND MILL, Chillipaste Oelek, 200 g;2;1,51 €;3,02 €;0.00;0;-1;1
;JEFI, Anchovy Fisch Size Medium, 100g;2;1,54 €;3,08 €;0.00;0;0;0
20018;CHAOKOH, Santan Dalam Kaleng, 400 ml;2;1,58 €;3,16 €;0.00;0;0;0
21097;NESIA, Chilipaste (PEMUDA) Mild, 230 g;1;3,27 €;3,27 €;0.00;0;-1;0
;Bumbu Pelezat Kaldu Ayam Sachet, 100g;1;3,27 €;3,27 €;0.00;0;0;0
28094;NESIA, Emping Scharf, 150 g;1;3,27 €;3,27 €;0.00;0;42;1
;Indofood, Kecap Manis 615 ml;1;3,27 €;3,27 €;0.00;0;0;0
32150;MORISCA, Schichtkuchen Coconut Chocolate 365g;1;3,27 €;3,27 €;0.00;0;0;0
;JEFI, Gr;5;0,66 €;3,32 €;0.00;0;0;0
70003;H & S, Löffel aus Holz, 23cm;2;1,70 €;3,40 €;0.00;0;4;1
19008;LIGO, Sardinen in Tomatensauce, 155g;3;1,13 €;3,40 €;0.00;0;0;0
;MORISCA, Schichtkuchen mit Kokos-Geschmack, 365g;1;3,50 €;3,50 €;0.00;0;0;0
18034;Royco, Rindfleischbällchensoße, 100 g;2;1,77 €;3,53 €;0.00;0;29;1
;KOEPOE-KOEPOE, gelber Lebensmittelfarbstoff, 30ml;2;1,77 €;3,54 €;0.00;0;0;0
36023;TWIN ELEPHANTS, gezuckerte Mangosteen, 565g;2;1,78 €;3,55 €;0.00;0;0;0
32155;DUA KELINCI, Sukro Oven Garlic, 100g;2;1,80 €;3,60 €;0.00;0;0;0
;KOKITA Scharf Sojaso;1;3,60 €;3,60 €;0.00;0;0;0
20027;HENG GUAN, Kokosmilch, 200ml;3;1,21 €;3,62 €;0.00;0;0;0
12068;YUM-YUM, Instant-Nudeln Curry, 60g;10;0,36 €;3,64 €;0.01;0;0;0
;FINNA, Würzige Indonesische Balinese, 50g;4;0,93 €;3,70 €;0.00;0;0;0
14016;KOBE, Sojasösse Grillwürzmischung 60g;4;0,93 €;3,70 €;0.00;0;0;0
;CHAOKOH, Bambooscheiben im Wasser, 300g;2;1,86 €;3,72 €;0.00;0;0;0
;PONDAN, Black Forest, 400g;1;3,73 €;3,73 €;0.00;0;0;0
;KARA, Kokosmilch Dick, 1L;1;3,73 €;3,73 €;0.00;0;0;0
51038;LUWAK, Weißer Kaffee Weniger Zucker, 20g;1;3,74 €;3,74 €;0.00;0;0;0
23032;HEALTHY BOY BRAND, Helle Sojasauce, 300 ml;2;1,88 €;3,76 €;0.00;0;10;1
;INTRA, Reis- u. Gewürzliliegetränke, 20x22,5g;1;4,20 €;4,20 €;0.00;0;0;0
38014;Treiber Tofu, Natur Tofu, 450 g;3;1,40 €;4,21 €;0.00;0;12;0
54022;85, Javanischer Ingwersaft mit Orange+Honig, 10x20g;1;4,21 €;4,21 €;0.00;0;0;0
;MORISCA, Schichtkuchen mit Srikaya Geschmack, 365 g;1;4,21 €;4,21 €;0.00;0;0;0
35082;KOEPOE-KOEPOE, Hefe (Gist Korels), 65g;3;1,48 €;4,44 €;0.00;0;0;1
;AJINOMOTO,  Umami seasoning (MSG) purity 99% up, 100g;4;1,11 €;4,45 €;0.00;0;0;0
18003;Healthy Boy Brand, Sojapaste, 245g;2;2,24 €;4,49 €;0.00;0;0;0
;FINNA, schwarzer Pfeffer-Sauce Rindfleisch, 50g;5;0,93 €;4,63 €;0.00;0;0;0
14025;KOBE, gewürzmehl Gelb 75g;5;0,93 €;4,63 €;0.01;0;0;0
14017;KOBE, Scharfe Grillwuerzmischung 60g;4;1,16 €;4,65 €;0.00;0;0;0
14003;KOBE, Bumbu Kuning, 90g;5;0,93 €;4,67 €;0.00;0;0;0
;ROYCO, Bumbu Pelezat Kaldu Sapi sachet, 11g;10;0,47 €;4,67 €;0.01;0;0;0
;RAPINDO, Gendar Krupuk süß-scharf, 200g;2;2,34 €;4,67 €;0.00;0;0;0
;TIGA RASA, gebackene Ikan Sitting, 70g;2;2,34 €;4,67 €;0.00;0;0;0
;LUCULLUS, Kentjur Geschneidt, 100 g;2;2,34 €;4,67 €;0.00;0;-4;0
32151;ECUADOR TROPICAL GOURMET, Plantain Chips süß, 85 g;5;0,93 €;4,68 €;0.00;0;0;0
;TRS, Kreuzkümmelpulver, 100g;3;1,58 €;4,74 €;0.00;0;0;0
;SRUUT, Tepung Dawet (Cendol) rasa vanila, 100g;3;1,58 €;4,74 €;0.00;0;0;0
33006;KARA, Nata de coco Erdbeer, 220 ml;5;1,04 €;4,91 €;0.00;0;0;0
16046;THAI DANCER, Tamarind paste 435g;2;2,47 €;4,93 €;0.00;0;0;0
;RAPINDO, Boemboe Bali, 50g;6;0,88 €;5,02 €;0.00;0;0;0
;ASIAN BOY, gebratene schalotte, 100g;3;1,67 €;5,02 €;0.00;0;0;0
;PUSAKA NUSANTARA, Zwiebeln Krupuk, 200g;2;2,51 €;5,03 €;0.00;0;0;0
;RAPINDO, Satru Kacang Hijau, 300g;2;2,51 €;5,03 €;0.00;0;0;0
33022;MONIKA, Palmfruecht gezuekert, 340 g;2;2,51 €;5,03 €;0.00;0;8;1
;LUCULLUS, Kentjur Geschneidt, 50g;3;1,77 €;5,30 €;0.00;0;0;0
;NESIA, Kemirinuss 100g;3;1,77 €;5,30 €;0.00;0;0;0
12150;LEMONILO, Korean Scharf, 85 g;6;0,89 €;5,33 €;0.02;0;16;1
;NIVO MI Cup Huhner mit Zwiebel-Geschmack, 65g;6;0,89 €;5,33 €;0.00;0;0;0
56042;COCO XIM, Kokoswasser, 1000 ml;2;2,70 €;5,40 €;0.00;0;13;1
;RAPINDO, Tampah aus Bambus, Diameter 60cm;1;5,45 €;5,45 €;0.00;0;0;0
14015;KOBE, Mehl Super Crispy Scharf 80g;6;0,93 €;5,55 €;0.01;0;0;0
;X.O, Dried Galanga, 100g;5;1,11 €;5,56 €;0.00;0;0;0
;RAPINDO, Dorf Krupuk Schnecke-Party, 250g;3;1,86 €;5,58 €;0.00;0;0;0
;TORA BIKA, Kaffeepulver 3 in 1, 5x20g;2;2,79 €;5,59 €;0.00;0;0;0
;TORA BIKA, Milchkaffeepulver, 5x28g;2;2,79 €;5,59 €;0.00;0;0;0
81021;SAFE CARE, Minyak Angin, 10 ml;2;2,80 €;5,61 €;0.00;0;0;1
12127;WINGSFOOD, Mie Sedaap Cup koreanisches scharfes Hühnchen 81g;5;1,12 €;5,61 €;0.01;0;0;0
34016;AGEL, Ingwer Bonbons, 125 g;3;1,87 €;5,61 €;0.01;0;-1;0
12142;INDOMIE, Mie Goreng Sambal Matah, 85g;10;0,56 €;5,62 €;0.02;0;0;0
12139;SUPER BUBUR, Instant Porridge Rindergeschmack, 48 g;4;1,43 €;5,71 €;0.01;0;0;0
;LUCULLUS, Indonesisches getrockene Lorbeerbl;5;1,15 €;5,75 €;0.00;0;0;0
;RAPINDO, Koewe Kampoeng Pastel Koekjes, 250g;2;2,98 €;5,96 €;0.00;0;0;0
;FARMER, Reismehl, 400g;5;1,21 €;6,03 €;0.00;0;0;0
;NIVO MI CUP Soto-Geschmack 65g;7;0,89 €;6,21 €;0.00;0;0;0
32166;ROMA, Malkist Abon, 135 g;4;1,58 €;6,32 €;0.01;0;-1;0
;AROY-D, Young Green Jackfruit, 550ml;4;1,67 €;6,32 €;0.00;0;0;0
14001;KOBE, Tepung Bumbu gorengan, 80 g;7;0,93 €;6,48 €;0.00;0;0;0
;NIVO, Biji Delima/Pacar Cina, 100g;7;0,93 €;6,48 €;0.01;0;0;0
;RAPINDO, Dorf Krupuk Nudeln-Party, 250g;4;1,71 €;6,51 €;0.00;0;0;0
;Daun Salam, 15 g (gefroren);4;1,63 €;6,52 €;0.00;0;0;0
;INDOTATIS, Dolok Sanggul Linthong ganze Kaffebohne 500g;1;6,54 €;6,54 €;0.00;0;0;0
;DUA KELINCI, DEKA Wafer Roll Choco Choco, 9g;2;3,27 €;6,54 €;0.00;0;0;0
21071;NESIA, Sambal Bakso, 250g;2;3,27 €;6,54 €;0.00;0;0;0
16027;TRS, Kurkumapulver 100g;5;1,34 €;6,69 €;0.00;0;0;0
33003;KARA, Nata de coco Cocopandan, 220 ml;6;1,13 €;6,75 €;0.00;0;0;1
54006;NESIA, Kumis Kucing Blätter, 50 g;3;2,34 €;7,01 €;0.01;0;0;0
27008;JHFOODS, getrocknete Seetang Yaki Nori (Gold), 25 g;3;2,34 €;7,01 €;0.00;0;-1;0
;NIVO MI CUP Rinder Geschmack (Bakso);8;0,89 €;7,10 €;0.00;0;0;0
;KOEPOE-KOEPOE, Aroma Pasta Mocca, 30 ml;4;1,78 €;7,10 €;0.00;0;0;0
;RAPINDO, Stein Kugel, Durchmesser 20 cm;1;7,14 €;7,14 €;0.00;0;0;0
35079;KOEPOE-KOEPOE, Hell Gelber Lebensmittelfarbe, 30 ml;4;1,79 €;7,16 €;0.00;0;0;0
20004;CHAOKOH, Kokosmilchpulver, 60g;7;1,10 €;7,25 €;0.01;0;0;0
11010;LONGKOU, Glasnudeln 250 g;6;1,21 €;7,26 €;0.00;0;5;1
15001;GOLDEN CHEF, Geteilte Mung Bohnen, 400 g;4;1,86 €;7,44 €;0.00;0;0;1
39036;GOLDEN TURTLE, Gemüse Whole Galanga, 250 g;4;1,87 €;7,48 €;0.00;0;3;0
39032;NESIA, Papaya Blätter gefroren, 200 g;2;3,74 €;7,48 €;0.00;0;4;1
35092;CERES , Schokostreusel Festival, 225g;2;3,74 €;7,48 €;0.01;0;0;0
;PUSAKA NUSANTARA, Bandung Krupuk, 250g;3;2,51 €;7,54 €;0.00;0;0;0
32172;KOBE, Boncabe Makaroni Crispy lv 10, 150 g;3;2,51 €;7,54 €;0.01;0;76;1
20013;WIND MILL, Kokosmilch 400ml;6;1,38 €;7,64 €;0.00;0;0;0
17114;X.O, Instant Tom Yum Paste, 227 g;3;2,55 €;7,64 €;0.00;0;0;0
10012;FARMER Klebreismehl 400g;6;1,30 €;7,82 €;0.00;0;0;0
;SRUUT Tepung Dawet (Cendol) Himbeeren, 100 g;5;1,58 €;7,90 €;0.00;0;0;0
25009;WIJSMAN, Butter, 454 g;1;8,03 €;8,03 €;0.00;0;24;1
16026;TRS, Korriander gemahlen 100g;6;1,30 €;8,07 €;0.01;0;0;0
17715;MAE PLOY, Thai Currypaste Massaman, 400g;3;2,70 €;8,10 €;0.00;0;0;0
12144;SAMYANG, Instant-Nudeln Tomato Pasta, 140 g;7;1,17 €;8,18 €;0.02;0;0;1
14757;CAP WAYANG, Aren Zucker, 250 g;3;2,77 €;8,31 €;0.00;0;106;1
12149;SAMYANG, Instant-Nudeln Curry Geschmack, 140 g;7;1,21 €;8,36 €;0.02;0;0;1
;KAPAL API, Kaffeepulver Grande White Coffee mit Schoko, 5x20g;3;2,79 €;8,38 €;0.00;0;0;0
;RAPINDO, Dorf Kuchen Scharfes Sumpia, 150g;3;2,79 €;8,38 €;0.00;0;0;0
27006;Sushi Matte inkl. Holzloeffel, 75 g;4;2,10 €;8,40 €;0.00;0;20;1
14028;KOBE, Mehrzweckgewürzmischung Special, 75 g;6;1,40 €;8,41 €;0.01;0;12;1
70013;H & S, Sate Stäbchen 18cm, 100pcs, 145g;8;1,06 €;8,44 €;0.00;0;0;0
70012;NESIA, Sapu Lidi;2;4,27 €;8,55 €;0.00;0;0;1
32136;PHILLIPINE, Mango gezuckert 100g;5;1,77 €;8,83 €;0.00;0;0;0
;N/A, Cetakan Tumpeng Normal;1;8,88 €;8,88 €;0.00;0;0;0
12146;LEMONILO, Zwiebel-Hühnchen-Geschmack, 80 g;10;0,89 €;8,88 €;0.03;0;57;1
;DUA KELINCI, Nüssen mit geröstetem Mais Geschmack, 80g;8;1,11 €;8,90 €;0.00;0;0;0
;RAPINDO, Koewe Kampoeng Semprit Koekjes, 250g;3;2,98 €;8,94 €;0.00;0;0;0
;KOEPOE-KOEPOE, Aroma Pasta Vanillie, 30ml;6;1,53 €;9,16 €;0.00;0;0;0
;TIGA RASA, Frittierte Dorf Krupuk, 70g;6;1,52 €;9,20 €;0.00;0;0;0
;PUSAKA NUSANTARA, Kapur Sirih, 100 g;5;1,86 €;9,30 €;0.00;0;0;0
34011;KOPIKO, Cappuccino-Bonbon, 150 g;5;1,86 €;9,30 €;0.00;0;0;1
39004;GOLDEN TURTLE, Gefrorene Chilischoten, 250 g;4;2,34 €;9,35 €;0.00;0;22;0
34014;Tamarin, Permen Sari Asam, 135g;5;1,88 €;9,37 €;0.01;0;0;0
50003;KEPALA DJENGGOT, Grüntee im Beutel, 25x2g;4;2,36 €;9,43 €;0.00;0;0;0
;FINNA, Rindfleischwürfel in Black Soße Suppe, 50g;11;0,88 €;9,52 €;0.00;0;0;0
32165;GARUDA, geröstete Erdnüsse ungeschält, 375 g;3;3,27 €;9,81 €;0.00;0;0;0
;LUCULLUS, Kentjur gemahlen 35g;4;2,42 €;9,96 €;0.00;0;0;0
32163;KOBE, Boncabe Makaroni Crispy lv 15, 150 g;4;2,51 €;10,06 €;0.01;0;49;1
;PUSAKA NUSANTARA, Rengginang, 200g;4;2,51 €;10,06 €;0.00;0;0;0
11011;LONGKOU, Glasnudeln Erbsen, 500 g;4;2,53 €;10,10 €;0.00;0;2;1
33000;COCON, Pudding Litschi, 6x80 g;5;1,97 €;10,12 €;0.00;0;0;0
35089;Nutrijell, Jellypulver mit Grassjelly-Geschmack, 15 g;11;0,93 €;10,28 €;0.03;0;0;1
10008;Reis Papier 28cm, 500 g;4;2,57 €;10,28 €;0.00;0;5;1
17112;MAE PLOY, Thai Sour Currypaste, 400g;4;2,60 €;10,39 €;0.00;0;-3;0
;TIGA RASA, Gendar Krupuk süß-scharf, 80g;6;1,77 €;10,60 €;0.00;0;0;0
33002;COCON, Pudding Mix, 6x80 g;5;2,09 €;10,70 €;0.00;0;0;0
;KOEPOE-KOEPOE, Aroma Pasta Jackfruit, 30ml;10;1,19 €;10,89 €;0.00;0;0;0
17091;MAE PLOY, Thai Currypaste Grün, 400 g;4;2,73 €;10,91 €;0.01;0;0;0
35010;KOEPOE-KOEPOE, Backpulver, 45g;7;1,57 €;10,99 €;0.00;0;0;0
;PONDAN, Lapis Tepung Beras, 400g;3;3,69 €;11,07 €;0.00;0;0;0
;DUA KELINCI, Hot Nut Rasa Cabe-Oven, 80g;10;1,11 €;11,12 €;0.00;0;0;0
15011;GOLDEN TURTEL, Erdnüsse mit Haut, 500 g;4;2,79 €;11,18 €;0.00;0;-6;0
35084;NUTRIJELL, Jellypulver mit Schokoladen-Geschmack, 15 g;13;0,90 €;11,20 €;0.01;0;0;0
;N/A, Cetakan Tumpeng Bersusun;1;11,21 €;11,21 €;0.00;0;0;0
51035;LUWAK, White Kaffee 3 Gescmack, 200g;4;2,80 €;11,21 €;0.01;0;0;0
33005;KARA, Nata de coco Manggo, 220 ml;11;1,02 €;11,22 €;0.00;0;10;1
22008;PINDAKAAS, Erdnuss paste, 350 g;5;2,26 €;11,29 €;0.00;0;2;1
51048;IDN.CO, Indonesischer Premium Kaffee JAVA PREANGER, 100g;2;5,67 €;11,33 €;0.00;0;0;0
;JEFI, Anchovy Fisch Gross, 100 g;6;1,89 €;11,34 €;0.00;0;0;0
;RAPINDO, Dorf Kuchen Keciput, 275g;5;2,33 €;11,64 €;0.00;0;0;0
54002;85, Javanische Ingwersaft, 10x20g;3;3,97 €;11,66 €;0.00;0;0;0
21094;KOBE, BonCabe Ebi lv2, 50 g;5;2,34 €;11,68 €;0.01;0;0;1
;RAPINDO, Dorf Chips Pesta Roejak, 250g;5;2,34 €;11,68 €;0.00;0;0;0
19033;MEGA, Sardinen in Tomatensauce, 155 g;9;1,30 €;11,69 €;0.01;0;0;1
20006;CHAOKOH, Kokosmilch, 1l;4;3,04 €;12,15 €;0.00;0;12;1
;KOEPOE-KOEPOE, Aroma Pasta Rosen, 30ml;11;1,26 €;12,52 €;0.00;0;0;0
54001;PHILIPPINE, Mango Puree, 500g;5;2,51 €;12,57 €;0.00;0;0;0
;MARJAN, Sirup mit Moccageschmack, 460ml;3;4,21 €;12,62 €;0.00;0;12;1
;WINGSFOOD, MIE SEDAP 1 Dos (isi 40 x 70 g), Soto-Geschmack;1;12,62 €;12,62 €;0.00;0;0;0
70011;N/A, Cendol Sieb, 26cm;5;2,56 €;12,82 €;0.00;0;0;1
;KOPIKO, Kaffee Bon-Bon, 150g;7;1,86 €;13,02 €;0.00;0;0;0
19037;Pigeon Brand, eingelegter Senf, 300 g;7;1,86 €;13,02 €;0.02;0;0;1
;LUCULLUS, Garnelan crackers Sidoarjo unfrittiert 250gr;4;3,27 €;13,08 €;0.00;0;0;0
;ROYCO, Bumbu Pelezat Kaldu Sapi sachet, 100g;4;3,27 €;13,08 €;0.00;0;0;0
13010;WIND MILL, Klebreismehl, 400 g;10;1,35 €;13,31 €;0.00;0;57;0
15003;GOLDEN CHEF, Mung Bohnen, 400 g;8;1,67 €;13,38 €;0.00;0;6;1
70031;Tampah 60cm, 530g;2;6,70 €;13,40 €;0.00;0;3;1
33016;COCON, Pudding Erdbeer, 6x80g;7;1,94 €;13,43 €;0.00;0;0;1
;RAPINDO, Stein Kugel, Durchmesser 15cm;2;6,71 €;13,43 €;0.00;0;0;0
;RAPINDO, Tampah aus Bambus, Diameter 40cm;3;4,50 €;13,50 €;0.00;0;0;0
21024;WIND MILL, Chilipaste Sambel Oelek, 370 g;8;1,67 €;13,57 €;0.01;0;11;1
82002;INDOSAR, Koyo Cabe, 12,5g;11;1,26 €;13,87 €;0.01;0;0;0
14015;KOBE, Tepung Kentucky Hot & Spicy, 80 g;15;0,93 €;13,88 €;0.01;0;0;0
50000;GIJU, Teh Melati, 40g;10;1,39 €;13,93 €;0.01;0;0;0
19011;MORJON, Sardinella in der Tomatensoße, 425 g;5;2,83 €;13,96 €;0.00;0;0;1
;X.O, Garnelen Pasta, 227g;5;2,79 €;13,97 €;0.00;0;0;0
;PONDAN, Talam Beras, 300g;5;2,79 €;13,97 €;0.00;0;0;0
12151;SUPER BUBUR, Instant Porridge Soto Geschmack, 46 g;10;1,40 €;14,02 €;0.03;0;69;1
40005;Bet's, Lapis Legit 3 Sorten, 425g;2;7,01 €;14,02 €;0.00;0;0;0
32060;NESIA, Opak Koekjes, 250g;5;2,82 €;14,08 €;0.00;0;0;0
;BANGO, suesse Sojasosse, 135 ml;8;1,77 €;14,13 €;0.00;0;0;0
35083;NUTRIJELL, Jellypulver mit Litschi-Geschmack, 15 g;15;0,94 €;14,19 €;0.01;0;0;0
;ABC, salzige Sojasosse, 135 ml;9;1,58 €;14,21 €;0.00;0;0;0
17089;Currypaste Rot, 400g;6;2,44 €;14,44 €;0.00;0;0;0
;WIND MILL, Kokosmilch, 165ml;12;1,21 €;14,47 €;0.00;0;0;0
12128;WINGSFOOD, Mie Sedaap Cup Baso Spesial 77g;13;1,12 €;14,58 €;0.02;0;0;0
;RAPINDO, Koekoe Matjan, 125g;7;2,10 €;14,72 €;0.00;0;0;0
12148;KOBE, BonCabe Nudeln lv 15, 105 g;16;0,93 €;14,80 €;0.04;0;24;1
;INDOSNACK, Dorf Chips unfrittiert spicy 200gr;4;3,73 €;14,92 €;0.00;0;0;0
14459;CAP WAYANG, Nudelcracker, 250 g;4;3,73 €;14,92 €;0.00;0;66;1
70017;ORCHID, Dandang serbaguna, 26cm;1;14,95 €;14,95 €;0.00;0;0;0
70039;Tampah 30cm, 125g;3;5,04 €;15,13 €;0.01;0;0;0
;SOSRO, Teh Botol Jasmine Tea Less Sugar, 1 Karton, 24x250ml;1;15,13 €;15,13 €;0.00;0;0;0
;MALAFISH, gegrillte Trassie (Belacan), 25g;19;0,82 €;15,22 €;0.01;0;0;0
;PONDAN, Lapis Surabaya & Bolu Gulung, 400g;6;2,57 €;15,39 €;0.00;0;0;0
14024;KOBE Bumbu Tahu goreng 30g;20;0,77 €;15,70 €;0.01;0;0;0
14008;KOBE, Tepung Tempe Goreng, 70 g;17;0,93 €;15,73 €;0.01;0;0;0
;AROY-D, Kokosmilch in Dose, 400ml;10;1,58 €;15,79 €;0.00;0;0;0
40000;Bika Ambon (Fertigkuchen), 600 g;2;7,94 €;15,89 €;0.00;0;0;0
;XAMTHONE, Mangostan-Saft, 350 ml;1;15,89 €;15,89 €;0.00;0;0;0
;KOEPOE-KOEPOE, Cream of Tartar, 43g;10;1,59 €;15,91 €;0.00;0;0;0
51050;IDN.CO, Indonesischer Premium Kaffee MANDHELING, 500g;1;16,14 €;16,14 €;0.00;0;0;0
;KOEPOE-KOEPOE, Aroma Pasta Pisang Ambon, 30ml;15;1,08 €;16,14 €;0.01;0;0;0
13013;KNOR, Maisstärke, 420g;7;2,32 €;16,28 €;0.00;0;23;1
17119;CAP IBU, Laksa Gewürze, 230 g;5;3,27 €;16,36 €;0.01;0;2;1
18032;ROYCO, Rinderbrühe, 230 g;5;3,27 €;16,36 €;0.01;0;23;1
51055;IDN.CO, Indonesischer Premium Kaffee FINE ROBUSTA, 500 g;1;16,36 €;16,36 €;0.00;0;0;0
;BU TJITRO, Gudeg Jogja Original, 265g;5;3,27 €;16,36 €;0.00;0;0;0
;PUSAKA NUSANTARA, Palmzucker, 240 g;7;2,34 €;16,36 €;0.00;0;0;0
14011;Unifood, Pondan Kentucky Hot Spicy, 200 g;9;1,82 €;16,40 €;0.03;0;7;1
24003;SQUID BRAND, Fisch Sauce, 300ml;9;1,83 €;16,41 €;0.00;0;3;1
17099;NESIA, Soto Betawi, 230g;5;3,32 €;16,60 €;0.01;0;0;0
;CHAOKOH, Kokosmilch, 500mL;10;1,67 €;16,73 €;0.00;0;0;0
52006;LONGEVITY, Kondensmilch, 397 g;9;1,86 €;16,75 €;0.01;0;6;1
;TRISTAR, Rice Cooker, 0,6l;1;16,81 €;16,81 €;0.00;0;0;0
;FINNA, Emping Melindjo, 500gr;4;4,21 €;16,82 €;0.00;0;-2;0
12152;SUPER BUBUR, Instant Porridge Curry Geschmack, 46 g;12;1,40 €;16,82 €;0.04;0;-8;0
;LUCULLUS,;9;1,88 €;16,88 €;0.01;0;0;0
19035;MEGA, Sardine in Chili - Tomatensoße, 155 g;13;1,30 €;16,89 €;0.01;0;0;1
51046;IDN.CO, Indonesischer Premium Kaffee KERINCI, 100 g;3;5,67 €;17,00 €;0.01;0;0;0
70044;NESIA, Cetakan Tumpeng, 10cm;4;4,26 €;17,02 €;0.01;0;8;1
16073;CAP WAYANG, Kemirinuss, 100 g;9;1,93 €;17,05 €;0.02;0;90;1
52007;ENERGEN, Instant Cereal Vanille, 10x30 g;4;4,29 €;17,14 €;0.01;0;11;1
21083;NESIA, Sambal Bajak, 230g;5;3,45 €;17,21 €;0.01;0;0;1
11019;Long Life, Schnellkochnudeln, 500 g;12;1,45 €;17,51 €;0.00;0;0;1
12541;THAI DANCER, Asam (Tamarind), 400 g;7;2,56 €;17,60 €;0.00;0;12;1
;KUDA MENJANGAN, Eiernudeln, 200g;16;1,11 €;17,79 €;0.01;0;-8;0
32014;DUA KELINCI, Kacang Campur Mixed Nuts 70 g;12;1,49 €;17,83 €;0.00;0;0;0
39000;Bananen Blätter gefroren, 454 g;11;1,65 €;17,93 €;0.00;0;4;0
11023;BIHUNKU, Hähnchen Zwiebeln Instant-Reisnudeln, 55 g;32;0,58 €;18,08 €;0.08;0;8;1
23022;KIKKOMAN, Sojasoße, 150 ml;6;3,03 €;18,17 €;0.00;0;7;1
;PONDOK LIMPUNG, Emping Melindjo, 200 g;8;2,27 €;18,24 €;0.00;0;0;0
51042;IDN.CO, Indonesischer Premium Kaffee FINE ROBUSTA, 250 g;2;9,15 €;18,30 €;0.00;0;0;0
14022;KOBE, Gewuerzemehl Wangi Berempah 75 g;20;0,93 €;18,50 €;0.01;0;0;0
;CERES , Schokostreusel Festival, 90 g;5;3,73 €;18,64 €;0.00;0;0;0
20023;KARA, Kokosmilch UHT, 1000 ml;5;3,73 €;18,64 €;0.00;0;0;0
;TIGA RASA, Tempehchips, 125g;8;2,33 €;18,64 €;0.00;0;0;0
20030;RENUKA, Kokosmilchpulver, 1 kg;2;9,34 €;18,67 €;0.00;0;0;0
17121;TOTOLE, Champignon Bouillon, 80 g;8;2,34 €;18,69 €;0.02;0;97;1
19032;MEGA, Sardinen in Chilli-Tomatensauce, 425g;7;2,70 €;18,91 €;0.01;0;0;0
36011;SWALLOW SAILING, Dessert Grass Jelly, 540 g;11;1,72 €;19,06 €;0.00;0;15;1
12130;WINGSFOOD, Mie Sedaap zwiebeln Hähnchen & Eier Nudeln 73g;42;0,46 €;19,46 €;0.05;0;0;0
;INDOFOOD, Hühnerfleisch Suppe Gewürze, 50g;14;1,40 €;19,63 €;0.01;0;0;0
17118;NESIA, Schwarze Fleichsuppe Gewürz (Rawon), 240 g;6;3,27 €;19,63 €;0.01;0;9;1
12143;Bon Cabe, Gebratene Nudeln, 70 g;27;0,74 €;19,93 €;0.06;0;34;1
;CAP PAYUNG, scharfe Maniokchips, 250g;9;2,23 €;20,10 €;0.00;0;0;0
70020;ORCHID, Dampfpfanne , 33 cm;1;20,17 €;20,17 €;0.00;0;-1;0
39005;GOLDEN TURTLE, Gefrorene Zitronengras, 250g;9;2,25 €;20,27 €;0.00;0;3;0
70038;Backform, 26cm;4;5,11 €;20,43 €;0.01;0;0;0
32103;Cap Klenteng, Ting Ting Gepuk 130g;11;1,86 €;20,46 €;0.00;0;0;0
;CAP PAYUNG, Maniokchips, 250g;11;1,86 €;20,46 €;0.00;0;0;0
;RAPINDO, Scharfe Sojasoße, 330ml;6;3,48 €;20,50 €;0.00;0;0;0
32045;KUSUKA, Cassava Chips mit Sweet Corn Geschmack 200g;9;2,32 €;20,51 €;0.00;0;0;1
30003;GOLDEN TURTLE, Gebratene Zwiebeln, 200 g;11;1,87 €;20,57 €;0.01;0;10;1
21077;COCK BRAND, süße Chilisauce für Huhn,  650 ml;8;2,59 €;20,64 €;0.00;0;9;1
35028;PONDAN, Brownies Kukus, 400g;6;3,46 €;20,79 €;0.00;0;0;0
;LUCULLUS, Palm Zucker aus Java, 250 g;9;2,34 €;20,92 €;0.00;0;0;0
;Cendol Sieb, Durchmesser 26 cm;5;4,19 €;20,97 €;0.00;0;0;0
14439;JEENY`S, gegrillte Trassie (in Block), 250 g;11;1,92 €;21,02 €;0.01;0;0;0
40004;Bet's, Lapis Legit Original, 425g;3;7,01 €;21,03 €;0.00;0;0;0
55017;MARJAN, Sirup mit Maracujageschmack (Markisa), 420 ml;5;4,21 €;21,03 €;0.00;0;9;1
35045;SWALLOW GLOBE, Agar-Agar Pulver braun, 7 g;16;1,31 €;21,06 €;0.01;0;23;1
;RHEUMASON, Balsam-Blau, 15g;9;2,36 €;21,10 €;0.00;0;0;0
11022;BIHUNKU, Gebratene Instant-Reisnudeln, 60 g;35;0,63 €;21,31 €;0.08;0;42;1
29007;UDANG MAS, Garnelen Cracker, 80 g;19;1,13 €;21,40 €;0.01;0;27;1
32085;DUA KELINCI, Kacang Koro, 70g;15;1,43 €;21,43 €;0.01;0;0;0
70025;Serabi-Kuchenform;2;10,74 €;21,49 €;0.00;0;0;0
17022;BAMBOE, Rindersuppe Gewuerze (Soto Daging Madura), 40 g;20;1,07 €;21,50 €;0.04;0;0;0
20005;CHAOKOH, Kokosmilch, 250ml;14;1,56 €;21,78 €;0.01;0;21;1
11021;BIHUNKU, Instant-fadennudeln Soto Geschmack, 55 g;38;0,60 €;22,01 €;0.09;0;0;1
35017;KOEPOE-KOEPOE, grüne Lebensmittelfarbe, 30 ml;14;1,57 €;22,01 €;0.01;0;0;0
12704;GOLDEN TURTLE, Gebratene Zwiebeln, 500 g;8;2,76 €;22,13 €;0.00;0;0;0
;PONDAN, Kue Mangkok, 400g;6;3,69 €;22,15 €;0.00;0;0;0
70030;Tampah 50 cm, 290 g;3;7,43 €;22,28 €;0.00;0;0;0
13062;SMILING FISH, Gebratene Makrele mit Chili Söße, 155 g;20;1,12 €;22,29 €;0.01;0;0;1
;TIGA RASA, Krupuk Palembang 9 cm, 60g;12;1,86 €;22,32 €;0.00;0;0;0
35067;NESIA, Biji Delima, 100 g;14;1,59 €;22,35 €;0.01;0;0;1
;NESIA, Dorf Kuchen Sumpia, 150g;8;2,79 €;22,36 €;0.00;0;0;0
23003;ABC, süße Sojasoße, 135 ml;13;1,71 €;22,40 €;0.00;0;0;1
;INDOTATIS, Sidikalang ganze Kaffebohne;2;11,21 €;22,43 €;0.00;0;0;0
39037;NESIA, Bidji Melindjo, 200g;6;3,74 €;22,43 €;0.01;0;0;0
34004;KOPIKO, Kaffee Bon-Bon Classic, 150 g;12;1,87 €;22,49 €;0.00;0;0;0
;SOSRO, Jasmine Tea 25 pcs, 50g;10;2,32 €;22,59 €;0.00;0;0;0
13000;CAP BOENGA, Mungbohnenmehl Hun Kwe, 120 g;9;2,54 €;22,78 €;0.01;0;16;1
17120;NESIA, Hänchensuppe Soto Gewürze, 230 g;7;3,27 €;22,90 €;0.02;0;-2;0
16015;THAI DANCER, Getrocknete Zitrone Blatter, 25g;17;1,35 €;22,90 €;0.02;0;0;0
21059;HEALTY BOY BRAND, Teriyaki Soße, 250 ml;9;2,54 €;22,91 €;0.01;0;8;1
54022;INTRA, Ingwer-Milch, 5x26 g;10;2,30 €;23,06 €;0.01;0;40;1
12147;LEMONILO, Hähnchen Curry Geschmack, 80 g;26;0,89 €;23,08 €;0.08;0;65;1
21093;NESIA, Chilipaste (PEMUDA) Extra Scharf, 230 g;7;3,32 €;23,13 €;0.02;0;0;1
19009;LIGO, Sardinen in scharfer Tomatsauce mit Chili, rote Ligo, 155 g;21;1,09 €;23,14 €;0.01;0;0;0
;SOSRO, Teh Botol Jasmine Tee in Packung, 12x1l;1;23,18 €;23,18 €;0.00;0;0;0
;KUDA MENJANGAN, Weizennudeln Dick, 200g;21;1,11 €;23,36 €;0.01;0;0;0
35080;NUTRIJELL, Jellypulver mit Kokos-Geschmack, 15 g;30;0,86 €;23,45 €;0.03;0;0;0
;PUSAKA NUSANTARA, Gendar Krupuk, 250g;9;2,61 €;23,47 €;0.00;0;0;0
70045;NESIA, Tumpeng Backform, 15 cm;4;5,93 €;23,68 €;0.01;0;12;1
36015;CHAOKOH, Jackfrucht in Sirup, 565 g;12;2,03 €;23,69 €;0.00;0;0;0
;RAPINDO, Pelangi Kaca Dorf Cracker, 250g;10;2,46 €;24,03 €;0.00;0;0;0
;UDANG MAS, Emping Mlinjo frittiert 110gr;13;1,86 €;24,18 €;0.01;0;0;0
70029;Tampah 40cm, 250g;4;6,05 €;24,21 €;0.00;0;0;0
35081;NUTRIJELL, Jellypulver Original Geschmack, 15 g;29;0,87 €;24,97 €;0.03;0;41;1
;FINNA, Emping Melindjo, 1kg;3;8,40 €;25,21 €;0.00;0;0;0
18030;MALAFISH, gegrillte Trassie, 250 g;11;2,32 €;25,50 €;0.01;0;0;0
;RAPINDO, Kroepoek Kampoeng Pesta Talie, 250g;11;2,32 €;25,54 €;0.00;0;0;0
32042;KUSUKA, Cassava Chips mit Algen Geschmack, 180 g;11;2,34 €;25,70 €;0.00;0;0;1
10060;ROYAL TIGER, Rot Reis,1 kg;6;4,29 €;25,73 €;0.01;0;0;0
31021;INTRA, Palmzucker 270g;18;1,48 €;25,86 €;0.01;0;0;0
35040;RAPINDO, Kapoer Sirih, 100 g;14;1,86 €;26,04 €;0.01;0;0;0
;INDOLAN, Gebakken Tempeh, 175g;10;2,61 €;26,08 €;0.00;0;0;0
;BUTTERFLY, Salam Blaetter, 15 g;14;1,87 €;26,17 €;0.01;0;0;0
21096;CAP IBU, Chiligrün Paste, 220 g;8;3,27 €;26,17 €;0.02;0;0;0
35071;CERES, Schokostreussel Classic, 225g;7;3,74 €;26,17 €;0.01;0;55;1
23037;ABC, süße Sojasoße extra scharf, 400 g;8;3,27 €;26,17 €;0.02;0;36;1
;RAPINDO, Sagu Ambon, 250g;13;2,05 €;26,61 €;0.00;0;0;0
20002;AROY-D, Kokosmilch im Karton, 1000 ml;9;2,98 €;26,83 €;0.00;0;12;1
33007;KARA, Nata de coco Vanille, 220 ml;24;1,13 €;27,00 €;0.01;0;0;1
;Srikandi salziges Rengginang;10;2,70 €;27,01 €;0.00;0;0;0
35013;KOEPOE-KOEPOE, Backsoda, 81 g;17;1,59 €;27,29 €;0.01;0;18;1
12145;LEMONILO, Mie Goreng Geschmack, 80 g;31;0,89 €;27,52 €;0.09;0;54;1
12135;INDOMIE, Instant-Nudeln Gemüsegeschmack, 80g;75;0,37 €;27,77 €;0.10;0;0;1
;MORISCA, Srikaya Marmelade, 250g;10;2,79 €;27,94 €;0.01;0;0;0
;FRISIAN FLAG, Susu Coklat Bendera, 385g;10;2,79 €;27,94 €;0.00;0;0;0
10020;SUN CLAD, Basmati Reis, 1 kg;10;2,80 €;27,96 €;0.00;0;10;1
51044;IDN.CO, Indonesischer Premium Kaffee GAYO, 100g;5;5,67 €;28,33 €;0.01;0;0;0
32156;ROMA, Coconut Biscuit, 300 g;11;2,59 €;28,40 €;0.02;0;20;1
32162;ROMA, Malkist Kelapa Kopyor, 252 g;18;1,58 €;28,43 €;0.04;0;0;1
24001;MAEKRUA, Austernsoße, 300 ml;14;2,07 €;29,34 €;0.01;0;10;1
70050;HANDY, Allround Dusch (Bidet);1;29,41 €;29,41 €;0.00;0;0;1
32168;DUA KELINCI, Sukro Oven Scharf, 100 g;18;1,64 €;29,44 €;0.06;0;44;1
13022;SEGITIGA BIRU, Weizenmehl, 1 Kg;7;4,29 €;30,00 €;0.01;0;12;1
20011;RENUKA, Kokosnusscreme, 200 g;19;1,58 €;30,01 €;0.01;0;0;0
25006;OH AIK GUAN, Sesame Oil, 360 ml;10;3,01 €;30,14 €;0.01;0;0;0
;RAPINDO, Sambal Terasi, 250g;10;3,21 €;30,28 €;0.00;0;0;0
;SAMYANG, Instant-Nudeln Ultra Scharf, 5x140g;5;6,07 €;30,37 €;0.00;0;0;0
32039;KUSUKA, Cassava Chips mit Grill-Käse Geschmack, 180 g;13;2,34 €;30,46 €;0.00;0;0;0
12108;INDOMIE, Instant-Nudeln mit Hähnchen Geschmack, 70 g;79;0,39 €;30,68 €;0.14;0;0;1
17075;INDOFOOD, Nasi Goreng Gewürz, 50 g;22;1,40 €;30,84 €;0.02;0;0;0
17109;BAMBOE, gebratene Nudeln Würzpaste, 45 g;29;1,08 €;31,27 €;0.02;0;58;1
18005;JEENY`S, gegrillte Trassie (in Block), 25 g;36;0,88 €;31,48 €;0.04;0;199;0
12126;WINGSFOOD, Mie Sedaap Cup Goreng 85g;29;1,09 €;31,54 €;0.02;0;0;0
22001;ASLI, Satesauce Scharf, 200g;17;1,86 €;31,62 €;0.01;0;0;0
;TIGA RASA, Frittierte Fischkrupuk Palembang, 60g;17;1,86 €;31,62 €;0.01;0;0;0
21092;CAP IBU, Chilipaste (Sambal) Pemuda Mild, 230 g;10;3,11 €;31,63 €;0.00;0;0;0
32158;NESIA, Pastel Koekjes Süß, 150 g;13;2,43 €;31,65 €;0.03;0;15;1
51049;IDN.CO, Indonesischer Premium Kaffee GAYO, 500g;2;16,25 €;32,50 €;0.00;0;0;0
51051;IDN.CO, Indonesischer Premium Kaffee KERINCI, 500g;2;16,25 €;32,50 €;0.00;0;0;0
16012;LUCULLUS, Kentjur 1kg;3;10,87 €;32,62 €;0.00;0;0;0
;TIGA RASA, Emping Blinjo frittiert, 150g;13;2,51 €;32,68 €;0.00;0;0;0
32038;KUSUKA, Cassava Chips mit Cheese Burger Geschmack, 180 g;14;2,34 €;32,75 €;0.01;0;0;1
34006;SINA, Ingwer Bonbons, 40 g;43;0,95 €;32,83 €;0.04;0;2;1
;KUSUKA, Cassava Chips mit Spicy Satay, 200g;15;2,20 €;32,94 €;0.01;0;0;0
12137;SAMYANG, Instant-Nudeln Jjajang, 140 g;28;1,19 €;33,11 €;0.04;0;47;1
32161;ROMA, Malkist Schokolade, 153 g;21;1,58 €;33,17 €;0.05;0;0;0
16067;BERLIAN, Kemirinuss, 100 g;17;1,95 €;33,29 €;0.02;0;0;0
;UDANG MAS, krupuk Palembang warna, 65 g;18;1,86 €;33,48 €;0.01;0;0;0
35049;NESIA, Biji Selasih, 100 g;18;1,86 €;33,48 €;0.01;0;58;1
70024;Lumpur-Kuchenform aluminium;4;8,40 €;33,61 €;0.00;0;0;0
14027;KOBE, Weißes Gewürzmehl , 75 g;36;0,93 €;33,64 €;0.09;0;8;1
25010;WIJSMAN, Butter, 200 g;6;5,61 €;33,64 €;0.01;0;0;1
;INDOLAN, Kemirinuss 100g;22;1,51 €;33,81 €;0.01;0;0;0
35014;KOEPOE-KOEPOE, Bumbu Spekoek, 25g;19;1,79 €;34,02 €;0.01;0;0;0
32003;BENG-BENG, Schokoladenwaffel, 20 g;91;0,37 €;34,10 €;0.03;0;143;1
13017;KUNCI BIRU, Weizenmehl, 1 kg;8;4,29 €;34,29 €;0.02;0;14;1
17110;BAMBOE, gebratener Reis Scharf Würzpaste, 40 g;32;1,08 €;34,68 €;0.02;0;0;1
;FINNA, Emping Melindjo, 250g;15;2,33 €;34,91 €;0.01;0;0;0
50001;GIJU, Jasmine Tee, 80g;19;1,86 €;35,34 €;0.01;0;0;0
;TIGA RASA, Schnecke Krupuk frittiert, 70g;22;1,64 €;36,15 €;0.01;0;0;0
20008;KARA, Kokosmilch 425 ml;18;2,05 €;36,28 €;0.01;0;0;0
11012;WAI WAI, Reisnudeln, 200 g;32;1,10 €;36,29 €;0.01;0;-3;0
12099;NONGSHIM, Shin Ramyun Instantnudeln, 120 g;38;0,97 €;36,40 €;0.06;0;0;1
;RAPINDO, Dorf Crackers Pesta Teratai, 250g;16;2,38 €;37,08 €;0.01;0;0;0
25008;KTC, Kokos Öl, 500 ml;10;3,74 €;37,36 €;0.01;0;0;0
16072;CAP WAYANG, Kemirinuss, 500 g;7;5,37 €;37,38 €;0.02;0;63;1
;TIGA RASA, Tofu Krupuk, 80g;23;1,63 €;37,54 €;0.01;0;0;0
32167;DUA KELINCI, Shanghai Erdnüsse Original, 450 g;9;4,21 €;37,85 €;0.03;0;20;1
28036;NESIA, Chips Bawang Matahari, 250 g;15;2,70 €;37,87 €;0.01;0;0;0
;KOEPOE-KOEPOE, Aroma Pasta Durian, 30ml;33;1,07 €;38,13 €;0.01;0;0;0
;KOEPOE-KOEPOE, Aroma Pasta Cocopandan, 25ml;27;1,33 €;38,50 €;0.01;0;0;0
;FINNA, Zwiebel Cracker, 380g;14;2,75 €;38,62 €;0.01;0;0;0
35019;KOEPOE-KOEPOE, rote Lebensmittelfarbe, 30 ml;24;1,60 €;39,05 €;0.01;0;0;0
12000;ABC, Instant-Nudeln Zwiebel Huhn Geschmack, 60 g;38;1,05 €;39,08 €;0.01;0;9;1
10006;BETTER, Thai Klebreis, 1 kg;14;2,81 €;39,29 €;0.01;0;5;1
;NYONYA SIOK, Fischkrupuk, 500g;5;7,94 €;39,72 €;0.00;0;0;0
;LUCULLUS, krupuk Gendar mit Zwiebelgeschmack 150gr;17;2,34 €;39,72 €;0.01;0;0;0
;NESIA, Emping Limpung ( Kiloan ), 1kg;5;7,89 €;39,79 €;0.00;0;10;0
51010;INTRA, Ingwer Kaffee, 20x22, 5 g;8;4,85 €;40,20 €;0.00;0;0;0
;PUSAKA NUSANTARA, Pesta Krupuk, 250g;16;2,51 €;40,22 €;0.01;0;0;0
80004;SIDOMUNCUL, tumerisches Drinks, 5 x 25 g;16;2,55 €;40,92 €;0.02;0;-1;0
14461;CAP WAYANG, bunte Thunfisch Crackers Palembang, 250 g;11;3,74 €;41,12 €;0.00;0;115;1
39040;NESIA, Kurkuma Blätter gefroren, 200 g;11;3,74 €;41,12 €;0.02;0;5;1
81016;DUA KEMIRI, Haar Öl, 50ml;12;3,43 €;41,29 €;0.02;0;0;0
19010;MORJON, Sardinella in der Tomatensoße, 215 g;24;1,62 €;41,38 €;0.01;0;9;1
54009;Jamu (indonesische traditionelle Medizin), 100 g;17;2,44 €;41,43 €;0.01;0;3;1
17018;BAMBOE, süß saure vegetarische Suppe (Sayur Asem) Würzpaste, 60 g;42;1,00 €;41,62 €;0.02;0;38;1
27003;SUN CLAD, Beras Jepang (Sushi Rice), 1kg;17;2,63 €;41,84 €;0.01;0;0;0
39033;NESIA, Cassava Blätter gefroren, 200 g;12;3,50 €;42,06 €;0.02;0;35;0
21091;FINNA, Sambal Rawit, 180g;12;3,50 €;42,06 €;0.03;0;24;1
35046;SWALLOW GLOBE, Agar-Agar Pulver Grünefarbe, 7 g;36;1,17 €;42,38 €;0.01;0;49;1
31018;ADA RASA, Kokos Palm Zucker, 250 g;16;2,52 €;42,76 €;0.01;0;14;1
22010;KARANGSARI, Bumbu Gado-Gado (nicht scharf), 180 g;23;1,86 €;42,78 €;0.05;0;-1;1
52009;ENERGEN, Instant Cereal Schokolade, 10x30 g;10;4,29 €;42,86 €;0.02;0;11;1
35048;SWALLOW GLOBE, Agar-Agar Pulver Roterfarbe, 7 g;35;1,24 €;42,89 €;0.01;0;19;1
12022;ABC, Intant-Nudeln Curry Geschmack, 60 g;40;1,09 €;43,07 €;0.01;0;-1;0
32149;NESIA, Tempe Chips, 100 g;27;1,63 €;43,64 €;0.03;0;0;0
35015;KOEPOE-KOEPOE, SP, 30 g;28;1,62 €;44,00 €;0.01;0;0;0
17113;BAMBOE, Rindersuppe (Soto Betawi) Würzpaste, 65 g;41;1,08 €;44,43 €;0.02;0;29;1
;INDOFOOD, Kare Gewürze, 50g;32;1,40 €;44,86 €;0.03;0;0;0
;CERES, Schokostreusel Classic 90 gr;15;3,19 €;45,24 €;0.01;0;0;0
51045;IDN.CO, Indonesischer Premium Kaffee MANDHELING, 100g;8;5,67 €;45,33 €;0.01;0;0;0
32139;MORISCA, Schichtkuchen Regenbogen 365g;14;3,27 €;45,78 €;0.01;0;0;0
;TORA BIKA Cappuccino, 20 x 25 g;5;9,16 €;45,79 €;0.00;0;0;0
50022;SOSRO, Teh Celup Heritage Jasmine, 25x2g;18;2,58 €;45,90 €;0.01;0;1;1
32095;NESIA, Süß&Würzig Zwiebelnchips Gendar , 200 g;14;3,30 €;46,04 €;0.02;0;81;1
32006;DUA KELINCI, Shanghai Erdnüsse Original, 200 g;25;1,86 €;46,50 €;0.02;0;5;1
22002;ASLI, Sate Gewürze (Mild), 200 g;25;1,86 €;46,57 €;0.01;0;0;0
;Kapal Api, Kaffeepulver, 165 g;14;3,36 €;46,67 €;0.01;0;2;0
16063;ASLI, Petjel Gewürze, 200 g;27;1,75 €;47,04 €;0.01;0;0;0
70034;N/A, Stein Kugel, groß, Durchmesser 28cm;2;23,53 €;47,06 €;0.00;0;0;0
12140;SUPER BUBUR, Instant Porridge Hühnergeschmack, 45 g;34;1,40 €;47,66 €;0.06;0;69;1
;RAPINDO, frohlich Kroepoek, 250g;24;2,01 €;48,10 €;0.01;0;0;0
21086;SAORI, Teriyaki Söße, 275 ml;15;3,28 €;49,19 €;0.02;0;23;1
35050;NESIA, Sagu mutiara, 100g;27;1,85 €;49,87 €;0.01;0;0;0
13011;WIND MILL, reismehl, 400 g;38;1,32 €;50,15 €;0.02;0;2;1
11013;WAI WAI, Reisnudeln, 400 g;27;1,85 €;50,30 €;0.01;0;-2;0
39028;NESIA, Lorbeerblätter gefroren, 100 g;14;3,58 €;50,47 €;0.02;0;214;0
28068;NESIA, Singkong Pedas, 250 g;20;2,63 €;50,83 €;0.01;0;0;0
82001;HISAMITSU, Salonpas Hot, 12 Blätter;24;2,13 €;51,10 €;0.01;0;0;1
;SAMYANG, Instant-Nudeln Super Scharf, 5x140g;10;5,14 €;51,40 €;0.00;0;0;0
22009;PINDAKAAS, Erdnuss paste, 500 g;19;2,91 €;51,98 €;0.01;0;12;1
14020;KOBE, Gewürzmischung Special, 75g;51;1,00 €;52,01 €;0.02;0;-1;0
28090;NESIA, Zwiebelnchips Talie Warna, 250 g;16;3,28 €;52,40 €;0.02;0;61;1
21087;SAORI, Austernsöße, 270 ml;16;3,30 €;52,77 €;0.03;0;23;1
21006;Cap Ibu, Chilipaste (Sambal) Balado, 240 g;16;3,31 €;52,89 €;0.02;0;1;1
20014;RENUKA, Kokosraspeln, 500g;15;3,55 €;53,20 €;0.01;0;13;1
12138;SAMYANG, Instant-Nudeln Käse Gescmack, 140 g;46;1,17 €;53,41 €;0.06;0;111;1
;INDOMIE, Instant-Nudeln Grillhähnchen (JUMBO), 128g;98;0,58 €;53,46 €;0.04;0;0;0
13024;MERBABU, Sagu Tani Mehl, 500 g;16;3,35 €;53,59 €;0.03;0;12;1
32131;GARUDA, geröstete Erdnüsse ungeschält, 200 g;26;2,00 €;54,07 €;0.01;0;37;1
14469;CAP WAYANG, Fischchips Palembang, 500 g;9;6,07 €;54,67 €;0.03;0;51;1
51033;IDN.CO, Indonesischer Premium Kaffeebohnen MANDHELING, 250 g;6;9,13 €;54,79 €;0.01;0;0;0
51034;IDN.CO, Indonesischer Premium Kaffee KERINCI, 250 g;6;9,13 €;54,79 €;0.01;0;14;1
52008;ENERGEN, Instant Cereal Drinks Mungbohnen, 10x30 g;13;4,29 €;55,71 €;0.02;0;16;1
70006;JAWA, Ausstechformen für Chiffon Backform, 22 cm;12;4,77 €;56,66 €;0.00;0;0;0
10005;NORTH SOUTH, Schwarzer Klebreis, 400 g;19;2,99 €;56,73 €;0.01;0;8;1
16000;LUCULLUS, Kemirinuss, 100 g;27;2,17 €;57,64 €;0.03;0;0;0
21015;CAP IBU, Chilipaste (Sambal) Pemuda Extra Scharf, 230 g;17;3,43 €;57,71 €;0.04;0;8;1
17020;BAMBOE, Rinder/Hähnchen Suppe (SOP) Würzpaste, 49 g;54;1,08 €;58,24 €;0.02;0;36;1
14006;KOBE, Kentucky Super Crispy, 75 g;53;1,11 €;58,31 €;0.02;0;-2;1
51019;LUWAK, White Coffee, 20g;126;0,56 €;58,32 €;0.05;0;0;0
;DUA KELINCI, Snack Jagung Marning, 80g;45;1,30 €;58,46 €;0.05;0;0;0
;DUA KELINCI, Kacang Telur Oven, 80g;45;1,30 €;58,46 €;0.02;0;0;0
32010;DUA KELINCI, Kacang Lofet Daun Jeruk, 70g;43;1,42 €;59,41 €;0.02;0;0;0
35012;KOEPOE-KOEPOE, Back-Hilfsmittel Ovalett, 30 g;39;1,59 €;59,52 €;0.01;0;7;1
;DUA KELINCI, Kacang Kulit Garing, 250g;26;2,29 €;59,53 €;0.01;0;0;0
16068;BERLIAN, Kemirinuss, 1 kg;6;10,22 €;60,93 €;0.01;0;0;0
17108;ASLI, Gado-Gado Gewürze, 200 g;33;1,87 €;61,69 €;0.01;0;0;0
13023;CAP BOENGA, Mungbohnenmehl Hun Kwe, 120g;24;2,62 €;61,88 €;0.01;0;0;0
32094;NESIA, Süß & Würzig Kartoffelnchip , 200 g;19;3,28 €;62,21 €;0.02;0;24;1
12001;ABC, Instant-Nudeln Rinder Geschmack, 60 g;58;1,09 €;62,79 €;0.02;0;3;1
14000;KOBE, Würzige Mischung, 75 g;50;1,23 €;63,50 €;0.02;0;0;0
23017;SEDAP WANGI, Sojasauce Englisch, 300 ml;17;3,74 €;63,53 €;0.01;0;13;1
30018;ASIAN BOY, gebratene Schalotten, 200 g;28;2,25 €;63,60 €;0.01;0;0;1
21095;DUA BELIBIS, Chilipaste mit Garnelen, 170 g;25;2,57 €;64,25 €;0.08;0;21;1
35031;PONDAN, Bolu Pandan Chiffon, 400 g;18;3,58 €;64,31 €;0.01;0;0;0
81001;CAP LANG, Kajeputöl, 60 ml;21;3,15 €;64,88 €;0.01;0;33;1
20009;KARA, Kokosmilch UHT, 500 ml;25;2,60 €;65,06 €;0.01;0;0;1
;"N/A,	Pukis-Kuchenform, aluminium";5;13,08 €;65,42 €;0.00;0;0;0
;CAP RATU, Rinder-Abon (getrocknetes kleingemachtes Fleisch), 100g;20;3,27 €;65,42 €;0.02;0;0;0
33004;KARA, Nata de coco Litschi, 220 ml;59;1,10 €;65,53 €;0.02;0;1;1
;BALPIRIK, Eukalyptusbalsam, 20g;32;2,07 €;66,21 €;0.01;0;0;0
13021;CAKRA KEMBAR, Weizenmehl, 1 kg;16;4,10 €;66,34 €;0.02;0;12;1
35023;PONDAN, Bika Ambon-Kuchenteig, 412 g;22;3,02 €;67,06 €;0.01;0;0;0
32035;KUSUKA, Cassava Chips mit Bali Spicy Geschmack, 180 g;29;2,31 €;67,20 €;0.01;0;0;0
55015;MARJAN, Sirup mit Rosengeschmack, 460 ml;16;4,21 €;67,29 €;0.01;0;0;1
50026;TONG TJI, Grüne Tee, 25 x 2 g;25;2,75 €;68,19 €;0.02;0;21;1
29020;NESIA, Krupuk Tahu 100g;37;1,86 €;68,81 €;0.02;0;0;0
12003;ABC, Instant-Nudeln Hähnchensuppe Geschmack (Soto), 60 g;64;1,09 €;69,72 €;0.02;0;0;1
17012;BAMBOE, Lodeh (Buntgemüse in Kokossauce) Würzpaste, 54 g;65;1,08 €;70,02 €;0.02;0;12;1
21063;DUA BELIBIS, Chilisauce, 135ml;42;1,66 €;70,07 €;0.02;0;0;0
17106;BAMBOE, Balado Würzpaste, 50 g;65;1,08 €;70,13 €;0.08;0;8;1
35041;NESIA, Ragi Tape Manis (Hefe), 100 g;35;2,00 €;70,32 €;0.01;0;38;1
14007;KOBE, Teigmischung für gebratene Bananen, 75 g;52;1,38 €;71,18 €;0.02;0;40;1
32117;TICTAC, Pilus Algen Geschmack, 100 g;77;0,93 €;71,24 €;0.03;0;46;1
12131;WINGSFOOD, Mie Sedaap Rasa Soto, 75g;155;0,46 €;72,03 €;0.20;0;0;0
17111;BAMBOE, Javanisches Huhn (Kalasan) Würzpaste, 55 g;67;1,08 €;72,19 €;0.05;0;0;0
28091;NESIA, Rengginang Salzig, 200 g;23;3,22 €;72,49 €;0.02;0;26;1
51039;LUWAK, Black Kaffee Pulver, 65 g;31;2,35 €;72,96 €;0.03;0;123;1
51043;IDN.CO, Indonesischer Premium Kaffee JAVA PREANGER, 250 g;8;9,16 €;73,35 €;0.01;0;1;1
21081;KOBE, BonCabe Sardellen lv3, 50 g;34;2,15 €;73,43 €;0.02;0;0;0
21090;FINNA, scharfe Chilipaste, 190 g;21;3,50 €;73,60 €;0.04;0;49;1
30001;ASIAN BOY, gebratene Schalotten, 500 g;14;5,27 €;74,10 €;0.01;0;0;0
14467;CAP WAYANG, Thunfisch Crackers Palembang Mini, 250 g;20;3,74 €;74,77 €;0.01;0;102;1
;KARA, Kokosmilch Classic UHT 200ml;43;1,77 €;75,95 €;0.03;0;0;0
70000;NESIA, Stein Kugel (Cobek), 20 cm;5;15,32 €;76,59 €;0.00;0;0;0
50025;TONG TJI, Jasmin Teeblätter, 80 g;33;2,35 €;77,33 €;0.02;0;50;1
12035;INDOMIE, Scharfes gebratene Nudeln, 80g;213;0,36 €;77,66 €;0.08;0;0;0
70033;NESIA, Stein Kugel (Cobek), 24 cm;4;19,59 €;78,37 €;0.00;0;2;0
21076;DUA BELIBIS, Chilli Soße, 24 x 9 g;26;3,03 €;78,77 €;0.03;0;63;1
;BUTTERFLY, Kemirie 1kg;9;8,88 €;79,91 €;0.00;0;0;0
23034;ABC, süße scharfe Sojasauce, 275 ml;41;2,01 €;81,62 €;0.03;0;27;1
;CERES,  Schokostreusel Milchschokolade, 90g;29;3,05 €;82,10 €;0.01;0;0;0
28070;PONDOK LIMPUNG, Emping Melindjo, 1 kg;10;8,40 €;84,02 €;0.01;0;5;1
17107;BAMBOE, gelber Reis Würzpaste, 50 g;78;1,08 €;84,55 €;0.05;0;24;1
;KOEPOE-KOEPOE, Back-Hilfsmittel Ovalett, 75g;37;2,29 €;84,72 €;0.01;0;0;0
70008;SRUUT, Cendol Sieb 1 Set;19;4,45 €;86,01 €;0.01;0;29;1
14000;KOBE, Teigmischung für Bakwan, 75 g;65;1,37 €;86,05 €;0.07;0;0;1
18031;ROYCO, Hühnerbrühe, 230 g;24;3,58 €;86,27 €;0.03;0;9;1
21070;KOBE, BonCabe Schrimp lv 2, 50 g;37;2,35 €;86,98 €;0.04;0;0;0
28043;NESIA, Kroepoek Talie Mas, 250 g;31;2,86 €;87,73 €;0.01;0;29;1
17019;BAMBOE, Semur Würzpaste, 69 g;82;1,08 €;88,46 €;0.03;0;22;1
81003;CAP LANG, Telonöl, 60 ml;30;2,95 €;88,81 €;0.01;0;-1;0
17059;MUNIK, Rendang Gewürze, 115 g;24;3,73 €;89,50 €;0.03;0;36;1
23008;ABC, salzige Sojasoße, 600 ml;33;2,92 €;90,71 €;0.01;0;0;1
16066;LUCULLUS, Kentjur gemahlen, 35 g;30;3,04 €;90,88 €;0.04;0;0;0
51032;IDN.CO, Indonesischer Premium Kaffeebohnen GAYO, 250 g;10;9,14 €;91,37 €;0.01;0;0;0
19004;CHAOKOH, Junge grüne Jackfrucht, 560 g;48;1,94 €;91,80 €;0.02;0;36;1
70009;JAWA, Ausstechformen für Chiffon Backform, 26 cm;14;6,34 €;92,34 €;0.01;0;0;0
;RAPINDO, Stein Kugel, Durchmesser 24cm;11;8,40 €;92,44 €;0.00;0;0;0
12098;PRIMA TASTE, CHILLI CRAB La Mian, 160 g;38;2,36 €;92,45 €;0.02;0;0;0
21060;NESIA, Chilipaste (Sambal) Geprek, 220 g;27;3,44 €;92,60 €;0.05;0;21;1
;RAPINDO, Gendar Special, 200g;41;2,31 €;93,46 €;0.02;0;0;0
13012;WIND MILL, Tapiokamehl, 400 g;73;1,32 €;95,09 €;0.03;0;23;1
28050;NESIA, Garnelenchips 6 cm, 250 g;29;3,32 €;95,44 €;0.01;0;2;1
;KAPAL API, Kaffeepulver, 65g;45;2,10 €;96,02 €;0.02;0;0;0
14005;KOBE, Mehl für Knusperige Brathänchen Scharf, 150 g;55;1,76 €;97,00 €;0.02;0;0;0
12136;SAMYANG, Instant-Nudeln Carbonara, 140 g;82;1,19 €;97,18 €;0.11;0;2;1
32157;DUA KELINCI, Shanghai Erdnüsse Original, 1 kg;13;7,49 €;97,48 €;0.03;0;30;1
;NYONYA SIOK, Garnelen Krupuk, 500g;11;8,88 €;97,66 €;0.01;0;0;0
17017;BAMBOE, Rinderleber in Chili (Sambel Goreng Ati) Würzpaste, 54 g;92;1,08 €;99,17 €;0.03;0;43;1
;Cap Tawon, Minyak Gosok FF, 60 ml;20;4,90 €;100,00 €;0.01;0;0;0
21069;KOBE, BonCabe Original, Hot Chili, 22,5 g lv 10;107;0,95 €;102,46 €;0.04;0;0;0
12129;WINGSFOOD, Mie Sedaap koreanisches scharfes Hühnchen, 87g;223;0,46 €;103,18 €;0.29;0;0;0
21082;DUA BELIBIS, Chilli Soße, 535 ml;30;3,46 €;103,92 €;0.05;0;45;1
;KUSUKA, Cassava Chips mit Padang Spicy Prawn Geschmack, 200g;46;2,28 €;104,02 €;0.02;0;0;0
;NIVO, Krupuk Palembang, 500 g;20;5,43 €;107,12 €;0.01;0;0;0
12012;INDOMIE, Hähnchen zwiebeln, 75 g;290;0,37 €;107,71 €;0.52;0;0;1
;INDOFOOD, Rendang(Rindfleisch Gerichte) Gewürze;77;1,40 €;107,94 €;0.04;0;0;0
12017;INDOMIE, mit Hähnchen-Curry Geschmack, 80 g;298;0,37 €;108,68 €;0.39;0;0;0
29021;NESIA, Emping Melinjo süß, 150 g;42;2,61 €;108,83 €;0.02;0;31;1
14002;KOBE, Kalasan Gewürz, 35 g;86;1,27 €;109,29 €;0.03;0;0;1
28034;NESIA, Kroepoek Bawang Keong Mas, 250 g;39;2,74 €;109,92 €;0.01;0;0;0
32037;KUSUKA, Cassava Chips mit schwarzer Pfeffer Geschmack, 180 g;48;2,32 €;110,61 €;0.02;0;0;0
17009;BAMBOE, Rujaksoße für gegrilltes Hähnchen, 46 g;103;1,08 €;110,93 €;0.04;0;38;1
12132;WINGSFOOD, Mie Sedaap gebratene Nudeln, 90g;240;0,46 €;111,05 €;0.31;0;0;0
21084;NESIA, Chilipaste (Sambal) Roa, 210 g;27;4,13 €;111,70 €;0.04;0;21;1
35009;KOEPOE-KOEPOE, Back-Hilfsmittel TBM, 80 g;53;2,18 €;113,24 €;0.02;0;6;1
29019;UDANG MAS, Fisch Chips Palembang, 65 g;60;1,90 €;113,42 €;0.06;0;0;1
10055;ROYAL TIGER, Jasmin Reis, 5 kg;14;8,24 €;115,89 €;0.01;0;2;1
14008;KOBE, Tepung Tempe Kriuk, 70 g;103;1,15 €;118,48 €;0.04;0;0;1
21089;KOBE, BonCabe Chili-Flocken Fisch Roa lv15, 40 g;36;3,30 €;118,50 €;0.06;0;-1;0
81014;CAP TAWON, Minyak Gosok FF, 90 ml;18;6,56 €;119,61 €;0.02;0;12;1
20007;KARA, Kokosmilch UHT, 200 ml;70;1,73 €;119,66 €;0.03;0;0;1
10050;ROYAL TIGER Jasmin Reis, 1 kg;53;2,19 €;119,92 €;0.02;0;17;1
30017;NESIA, Seroendeng Kampoeng, 250 g;37;3,32 €;122,52 €;0.01;0;37;1
14632;CAP IBU, Padang Chili Paste, 240 g;36;3,43 €;123,18 €;0.01;0;0;0
31017;Nivo, Palm Zucker (Beutel), 500g;41;3,00 €;123,19 €;0.02;0;0;1
12014;INDOMIE, Special Chicken, 75 g;335;0,37 €;123,36 €;0.12;0;-1;0
14004;KOBE, Mehl für Kentucky Original, 150 g;71;1,78 €;125,39 €;0.03;0;9;1
55014;MARJAN, Sirup mit Litchigeschmack 460 ml;29;4,29 €;125,40 €;0.01;0;13;1
35030;PONDAN, Martabak Manis Mix, 400 g;38;3,30 €;126,01 €;0.01;0;0;0
38013;H & S, Tempe, 400 g;73;1,80 €;128,84 €;0.03;0;3;1
41012;JEFI, gefrorene Anchovy klein, 100 g;45;2,85 €;132,26 €;0.02;0;15;0
32152;GARUDA, Erdnuss Atom Knoblauch, 1kg;19;6,96 €;132,91 €;0.02;0;0;0
32034;KUSUKA, Cassava Chips mit Balado Geschmack, 180 g;58;2,34 €;134,97 €;0.02;0;20;1
32065;NESIA, Sumpia Koekjes Original, 150 g;53;2,57 €;135,30 €;0.04;0;46;1
28088;NESIA, Teratai Warna Zwiebelcracker, 250 g;42;3,29 €;137,94 €;0.04;0;30;1
29000;NESIA, Gebacken Rengginang, 125 g;73;1,91 €;137,96 €;0.05;0;0;1
;INDOLAN, Kemirinuss, 1kg;15;9,35 €;140,19 €;0.01;0;0;0
16064;MASAKO, Hühnerfleisch-Extrakt-Gewürz, 250 g;39;3,67 €;140,49 €;0.03;0;37;1
17010;BAMBOE, Indonesische Currysuppe (Gulai) Würzpaste, 35 g;131;1,08 €;141,25 €;0.05;0;45;1
17008;BAMBOE, Balinesische Gewuerze, 49 g;132;1,08 €;142,34 €;0.05;0;19;1
17021;BAMBOE, gelbe Hänchensuppe Würzpaste (Soto Ayam), 40 g;134;1,08 €;144,49 €;0.05;0;0;1
16065;MASAKO, Rindfleisch-Extrakt-Gewürz, 250 g;40;3,71 €;146,61 €;0.04;0;54;1
32137;X.O, Cassava Chips / Maniok, 250g;68;2,20 €;150,00 €;0.04;0;12;1
;CAP IBU, Chilipaste Pemuda Ekstra Scharf 250g;44;3,43 €;150,79 €;0.02;0;-1;0
31020;Nivo, Palm Zucker (Bar), 250 g;83;1,84 €;152,59 €;0.08;0;207;1
28031;NESIA, Gado-Gado Chips Roh, 250 g;53;2,86 €;152,68 €;0.02;0;43;1
17011;BAMBOE, Javanische Curry Paste, 36 g;142;1,08 €;152,97 €;0.05;0;68;1
12101;SAMYANG, Instant-Nudeln Ultra Scharf, 140 g;133;1,15 €;153,05 €;0.09;0;29;1
21061;NESIA, Chilipaste (Sambal) Padang, 220 g;47;3,42 €;159,26 €;0.07;0;15;1
31014;Nivo, Palm Zucker (Beutel), 250 g;86;1,86 €;160,18 €;0.04;0;57;1
35044;SWALLOW GLOBE, Agar-Agar Pulver Ohne Farbe, 7 g;128;1,23 €;161,29 €;0.05;0;41;1
50008;SARIWANGI, Teebeutel, 25 x 2 g;67;2,48 €;162,06 €;0.02;0;37;1
51000;INDOCAFE, Coffeemix Instant, 5x20g;82;2,03 €;163,38 €;0.03;0;0;0
50013;SOSRO, Teh Botol, Jasmine Tee in Packung, 1l;72;2,24 €;163,41 €;0.03;0;235;1
12100;SAMYANG, Instant-Nudeln Scharf, 140 g;144;1,15 €;164,99 €;0.07;0;0;1
;NIVO, Krosso Rempeyek Kacang, 200gr;62;2,70 €;167,46 €;0.03;0;0;0
32159;ASTOR, Wafer Stick Roll, 150 g;63;2,57 €;167,76 €;0.06;0;30;1
17014;BAMBOE, Weißcurrysuppe (Opor) Würzpaste, 36 g;156;1,08 €;168,22 €;0.06;0;6;1
35053;SRUUT, Dawet Mehl (Cendol) Pandan, 100 g;106;1,59 €;168,22 €;0.04;0;50;1
54005;INTRA, Instant Ginger Drink, 20x22, 5 g;37;4,66 €;172,50 €;0.01;0;52;1
28087;NESIA, Gendar Special mit Knoblauch-Geschmack, 200 g;56;3,07 €;172,83 €;0.04;0;6;1
17007;BAMBOE, gebratenes Huhn Würzpaste, 33 g;165;1,08 €;178,01 €;0.06;0;1;1
80006;SIDOMUNCUL, Tolak Linu Herbal Drinks, 5 x 15 ml;57;3,13 €;184,08 €;0.11;0;52;1
31019;NESIA, Palmzucker, 245 g;105;1,77 €;184,90 €;0.07;0;50;1
35069;NESIA, Kloewek Noten, 100 g;58;3,27 €;186,33 €;0.02;0;22;1
32036;KUSUKA, Cassava Chips mit Barbeque Geschmack, 180 g;82;2,31 €;186,96 €;0.03;0;11;1
32047;MORISCA, Schichtkuchen Original, 365 g;56;3,36 €;188,59 €;0.02;0;30;1
32135;DUA KELINCI, Kacang Atom Pedas, 150g;101;1,87 €;189,01 €;0.06;0;0;0
32048;MORISCA, Schichtkuchen mit Pandan Geschmack, 365 g;59;3,30 €;194,47 €;0.02;0;0;1
11000;CAP ATOOM BULAN, Eier Nudeln, 200 g;149;1,29 €;196,55 €;0.06;0;65;1
28049;NESIA, Garnelenchips 4 cm, 250 g;64;3,07 €;197,13 €;0.02;0;20;1
21067;KOBE, BonCabe Original Chiligewürze lv 15, 45 g;79;2,61 €;204,58 €;0.04;0;21;1
28037;NESIA, Dorf Crackers Mie Besar, 250 g;78;2,89 €;205,15 €;0.03;0;65;1
32116;TICTAC, Pilus Scharfes, 100g;225;0,93 €;208,94 €;0.08;0;56;1
32017;GARUDA, Scharfes Atom Erdnuss, 200g;109;1,90 €;209,73 €;0.04;0;0;0
23007;ABC, süße Sojasöße 6kg (4,3L);17;13,20 €;220,33 €;0.01;0;1;1
32123;TICTAC, Pilus Original, 100 g;240;0,93 €;222,58 €;0.09;0;49;1
82000;HISAMITSU, Salonpas, 12 Blätter;105;2,12 €;222,82 €;0.04;0;0;0
51036;LUWAK, weißer Kaffee, 10 x 20 g;55;4,21 €;224,34 €;0.07;0;34;1
28048;NESIA, Kroepoek Kampoeng Oelang Tahoen, 250 g;76;2,94 €;226,17 €;0.03;0;0;1
17013;BAMBOE, gebratener Reis Würzpaste, 40 g;211;1,08 €;228,13 €;0.08;0;41;1
;INDOMIE, Nudeln mit Hähnchen Spesial, 40x75g;18;12,79 €;230,77 €;0.01;0;0;0
21064;ABC, Chilisauce Scharf & Süß, 335 ml;94;2,51 €;231,41 €;0.04;0;0;1
28020;FINNA, Garnelen Chips Oei, 500 g;34;6,94 €;233,81 €;0.01;0;48;1
32083;TICTAC, Pilus gegrilltes Hähnchen-Knoblauch, 100 g;253;0,93 €;234,51 €;0.09;0;67;1
23023;ABC, süße Sojasauce, 275 ml;102;2,36 €;239,22 €;0.04;0;20;1
17015;BAMBOE, ostjavanische Rindersuppe (Rawon), 54 g;226;1,08 €;243,21 €;0.08;0;0;1
18006;JEENY`S, Petis Garnelen, 240 g;93;2,57 €;243,52 €;0.03;0;50;1
32000;ARDANI, Tempe Chips, 150 g;99;2,47 €;243,69 €;0.04;0;94;1
32015;GARUDA, Erdnuss-Atom Knoblauch, 200 g;133;1,86 €;246,21 €;0.05;0;0;0
81007;BALPIRIK, extra starker Balsam, 20 g;109;2,40 €;249,82 €;0.04;0;7;1
54004;INTRA, Serbat Wangi, 20x22, 5 g;59;4,27 €;250,99 €;0.02;0;31;1
32066;NESIA, Sumpia Koekjes scharf, 150 g;99;2,55 €;252,28 €;0.07;0;45;1
23005;ABC, süße Sojasoße, 600 ml;85;3,05 €;257,48 €;0.03;0;-1;0
28047;NESIA, Krupuk Kampoeng Teratai Mas, 250 g;92;2,90 €;258,27 €;0.03;0;45;1
;INDOMIE, Instant-Nudeln Grillhähnchen (JUMBO), 24x128g;20;12,99 €;260,54 €;0.01;0;0;0
;RAPINDO, Palm Zucker 245g;171;1,60 €;261,70 €;0.06;0;0;0
28019;FINNA, Fisch Chips Oei, 500 g;38;6,94 €;263,35 €;0.01;0;64;1
29022;NESIA, Emping Melinjo scharf, 150 g;100;2,66 €;265,11 €;0.07;0;24;1
21088;FINNA, grüne Chilipaste, 190 g;79;3,41 €;267,29 €;0.12;0;34;1
21080;KOBE, BonCabe Chilli-Flocken lv30, 40 g;84;3,19 €;268,21 €;0.07;0;97;1
32016;GARUDA, Erdnuss Atom Knoblauch 375g;98;2,79 €;273,85 €;0.04;0;0;0
32033;KUSUKA, Cassava Chips Original, 180 g;119;2,34 €;278,00 €;0.04;0;0;0
32118;TICTAC, Pilus mit Geröstetem Rinder, 100 g;308;0,93 €;286,12 €;0.11;0;18;1
80005;SIDOMUNCUL, Tolak Angin Flu, 12 x 15 ml;57;5,10 €;288,06 €;0.11;0;0;0
28089;BAHAGIA, Garnelen Chips, 500 g;56;5,17 €;289,32 €;0.05;0;60;1
12036;INDOMIE, gebratene Nudeln mit Rendang Geschmack, 80 g;787;0,38 €;299,74 €;01. Mrz;0;0;1
21066;KOBE, BonCabe Original Chiligewürze lv 10, 50 g;139;2,23 €;303,82 €;0.05;0;62;1
50023;TONG TJI, Jasmine Teebeutel, 25 x 2 g;101;3,04 €;305,18 €;0.05;0;55;1
16011;LUCULLUS, Kemirinuss, 1 kg;32;9,56 €;306,36 €;0.01;0;5;1
39003;gefrorene Pete, 200 g;72;4,35 €;317,98 €;0.03;0;1;0
28045;NESIA, Zwiebel Chips Rawon, 250 g;108;3,04 €;327,88 €;0.04;0;39;1
28077;FINNA, Emping Belindjo, 400 g;77;4,29 €;330,00 €;0.14;0;0;1
23035;ABC, süße Sojasoße, 620 ml;99;3,36 €;332,79 €;0.04;0;29;1
21075;ABC, Chilipastegrün, 180 g;103;3,41 €;349,32 €;0.13;0;0;0
55007;MARJAN, Sirup mit Honigmelonengeschmack, 460 ml;81;4,30 €;350,96 €;0.03;0;34;1
81000;CAP LANG, Medizinisches Öl, 24 ml;106;3,69 €;358,30 €;0.11;0;0;1
21078;FINNA, Chilipaste mit Garnelen, 190 g;113;3,34 €;367,79 €;0.15;0;37;1
;ABC, Chilisoße extra Scharf, 340ml;171;2,21 €;376,88 €;0.06;0;0;0
32141;MAICIH, Cassava Chips Scharf Level 5, 100 g;153;2,52 €;386,29 €;0.10;0;73;1
;SOSRO, Teh Botol Jasmintee, 1 Karton, 24x250ml;27;14,83 €;403,36 €;0.01;0;0;0
32140;MAICIH, Cassava Chips Scharf Level 10, 100 g;163;2,54 €;414,22 €;0.11;0;113;1
;INDOMIE, Instant-Nudeln Scharfes gebratene Nudeln (GORENG PEDAS), 40x79g;32;13,12 €;420,39 €;0.01;0;0;0
21079;FINNA, Chilipaste mit Zwiebeln, 190 g;132;3,38 €;443,72 €;0.18;0;73;1
12096;PRIMA TASTE, CURRY La Mian Nudeln in Curry-Suppe, 178 g;226;2,11 €;468,14 €;0.09;0;0;1
21074;ABC, Chilisoße extra Scharf, 335 ml;176;2,64 €;468,47 €;0.23;0;38;1
;FINNA, Emping Belindjo 400g;126;3,80 €;475,44 €;0.06;0;0;0
12034;INDOMIE, Gebratene Nudeln, 80 g;1373;0,37 €;511,73 €;0.51;0;0;1
32004;BENG-BENG, Schokolade Waffel, 20 x 20 g;75;7,11 €;531,51 €;0.03;0;13;1
17016;BAMBOE, Rendang Würzpaste, 35 g;503;1,08 €;541,64 €;0.19;0;79;1
35005;KOEPOE-KOEPOE, Aroma Pasta Pandan, 25 ml;407;1,60 €;550,87 €;0.15;0;75;1
81002;CAP LANG, Kajeputöl, 120 ml;106;5,46 €;575,38 €;0.04;0;29;1
21072;ABC, Chilisoße Original, 335 ml;260;2,42 €;636,70 €;0.10;0;35;1
23009;BANGO, süße Sojasauce, 275 ml;266;2,60 €;687,33 €;0.10;0;34;1
55006;MARJAN, Sirup mit Cocopandangeschmack, 420 ml;161;4,31 €;695,79 €;0.06;0;45;1
22006;KARANGSARI, Erdnusssoße Mittelscharf, 200 g;419;1,72 €;722,03 €;0.16;0;67;1
;INDOMIE, Gebratene Nudeln, 1 Packung, 40x80g;61;13,11 €;800,16 €;0.02;0;0;0
50011;SOSRO, Teh Botol Jasmin Tee, 250 ml;1267;0,72 €;909,43 €;0.47;0;118;1
22005;KARANGSARI, Erdnusssoße scharf, 200 g;536;1,71 €;914,78 €;0.20;0;171;1
25000;BLUE BAND, Margarine, 250 g;295;3,07 €;917,46 €;0.11;0;33;1
81006;TJIN TJAU, Balsam, 36 g;294;3,20 €;938,54 €;0.11;0;8;1
22007;KARANGSARI, Erdnusssoße nicht scharf, 200 g;547;1,73 €;947,69 €;0.20;0;44;1
23010;BANGO, süße Sojasauce, 620 ml;230;4,76 €;1.093,13 €;0.09;0;34;1
21062;DUA BELIBIS, Chilli Soße, 340 ml;468;2,59 €;1.205,89 €;0.49;0;10;1
12086;PRIMA TASTE, LAKSA La Mian Nudeln in Kokosnuss-Suppe, 185 g;705;2,08 €;1.442,73 €;0.26;0;0;1
23025;BANGO, süße Sojasauce Refill, 550 ml;424;4,17 €;1.766,92 €;0.16;0;47;1
21073;ABC, Chilipaste mit Garnelen, 180 g;666;3,46 €;2.292,46 €;0.25;0;102;1
80000;SIDOMUNCUL, Tolak Angin, 12 x 15 ml;1277;4,55 €;5.800,03 €;0.48;0;85;1
